{
    "loss": -0.6066666666666667,
    "space": [
        0.1,
        0.6000000000000001,
        0.99,
        0.01
    ],
    "status": "ok"
}