{
    "loss": -0.7488888888888889,
    "space": [
        0.05,
        0.6000000000000001,
        0.85,
        1e-05
    ],
    "status": "ok"
}