{
    "loss": -0.7511111111111111,
    "space": [
        0.09,
        0.7000000000000001,
        0.85,
        0.1
    ],
    "status": "ok"
}