{
    "loss": -0.7347222222222223,
    "space": [
        0.07,
        0.6000000000000001,
        0.99,
        0.01
    ],
    "status": "ok"
}