{
    "loss": -0.7486111111111111,
    "space": [
        0.05,
        0.7000000000000001,
        0.9,
        0.1
    ],
    "status": "ok"
}