{
    "loss": -0.7166666666666667,
    "space": [
        0.09,
        0.30000000000000004,
        0.9,
        1e-05
    ],
    "status": "ok"
}