{
    "loss": -0.7180555555555556,
    "space": [
        0.06,
        0.30000000000000004,
        0.95,
        0.1
    ],
    "status": "ok"
}