{
    "loss": -0.7611111111111111,
    "space": [
        0.07,
        0.7000000000000001,
        0.95,
        0.01
    ],
    "status": "ok"
}