{
    "loss": -0.7819444444444444,
    "space": [
        0.01,
        0.7000000000000001,
        0.9,
        0.001
    ],
    "status": "ok"
}