{
    "loss": -0.8671875,
    "space": [
        0.02,
        0.30000000000000004,
        0.9,
        0.0001
    ],
    "status": "ok"
}